USE financial;
INSERT INTO `Bank` (`bank_id`, `bank_name`) VALUES
(113163645, 'First Colonial Bank for Savings'),
(118440214, 'Hacienda Federal Savings and Loan Association'),
(120522693, 'Mountain West Bank'),
(155179725, 'Hacienda Federal Savings and Loan Association'),
(177465746, 'The Hartley National Bank'),
(223868302, 'Mountain West Bank'),
(264576485, 'Silverton Bridge Bank'),
(280898683, 'Silverton Bridge Bank'),
(307945084, 'Schuyler State Bank'),
(334615916, 'Turtle Creek National Bank'),
(361473636, 'Congressional Bank'),
(407711931, 'Silverton Bridge Bank'),
(408987001, 'Paradise Finance'),
(435910983, 'Silverton Bridge Bank'),
(437185713, 'Mountain West Bank'),
(441371669, 'Turtle Creek National Bank'),
(447335521, 'Schuyler State Bank'),
(489914294, 'Congressional Bank'),
(495885336, 'Michigan Bank'),
(518159482, 'The Hartley National Bank'),
(544237638, 'The Hartley National Bank'),
(548289339, 'First Colonial Bank for Savings'),
(565388368, 'Silverton Bridge Bank'),
(590365811, 'Schuyler State Bank'),
(596304265, 'First Colonial Bank for Savings'),
(599713999, 'Hacienda Federal Savings and Loan Association'),
(608251032, 'Michigan Bank'),
(610232502, 'Michigan Bank'),
(613360824, 'Turtle Creek National Bank'),
(649522178, 'The Hartley National Bank'),
(654749912, 'Paradise Finance'),
(662709395, 'Michigan Bank'),
(679235252, 'Paradise Finance'),
(690360377, 'The Hartley National Bank'),
(732340847, 'Schuyler State Bank'),
(744483868, 'First Colonial Bank for Savings'),
(750586315, 'First Colonial Bank for Savings'),
(756654669, 'Turtle Creek National Bank'),
(765971349, 'Congressional Bank'),
(771155816, 'Mountain West Bank'),
(782676056, 'Paradise Finance'),
(799349005, 'Congressional Bank'),
(839127589, 'Paradise Finance'),
(846252945, 'Hacienda Federal Savings and Loan Association'),
(851075932, 'Schuyler State Bank'),
(916432685, 'Congressional Bank'),
(947198440, 'Michigan Bank'),
(955921406, 'Turtle Creek National Bank'),
(965252936, 'Paradise Finance'),
(975964072, 'Hacienda Federal Savings and Loan Association');

INSERT INTO `ATMs` (`atm_id`, `atm_address`, `bill_limit`, `cash_limit`, `bank_id`) VALUES
(114072316, '68 Oak Lane Rancho Cucamonga, CA 91730', 5000, 10000, 782676056),
(157126494, '10 Franklin Street Salinas, CA 93906', 5000, 10000, 765971349),
(159921856, '64 Lafayette Street San Diego, CA 92115', 5000, 10000, 732340847),
(202194948, '60 Grant Avenue Tulare, CA 93274', 5000, 10000, 679235252),
(211549292, '83 Broadway Westminster, CA 92683', 5000, 10000, 916432685),
(216422679, '30 Magnolia Avenue Baldwin Park, CA 91706', 5000, 10000, 307945084),
(220505214, '79 Chestnut Street Los Angeles, CA 90003', 5000, 10000, 846252945),
(232616518, '60 Roberts Road San Jose, CA 95123', 5000, 10000, 155179725),
(243778022, '31 Schoolhouse Lane Canyon Country, CA 91351', 5000, 10000, 756654669),
(280946959, '28 Bank Street San Diego, CA 92154', 5000, 10000, 799349005),
(331234082, '34 Franklin Street Merced, CA 95340', 5000, 10000, 435910983),
(352023723, '3 Race Street Sunnyvale, CA 94086', 5000, 10000, 613360824),
(355615067, '38 Aspen Drive Chula Vista, CA 91911', 5000, 10000, 113163645),
(373547356, '20 Park Street San Diego, CA 92117', 5000, 10000, 437185713),
(399425722, '94 Cherry Street La Puente, CA 91744', 5000, 10000, 649522178),
(439382146, '10 Locust Lane Anaheim, CA 92805', 5000, 10000, 223868302),
(457219897, '43 Magnolia Avenue Oakland, CA 94601', 5000, 10000, 548289339),
(497311418, '24 Monroe Street Santa Ana, CA 92707', 5000, 10000, 839127589),
(505570697, '43 Devonshire Drive San Diego, CA 92117', 5000, 10000, 264576485),
(512122208, '51 Magnolia Avenue Laguna Niguel, CA 92677', 5000, 10000, 947198440),
(531034310, '49 Bridle Lane Modesto, CA 95350', 5000, 10000, 608251032),
(574112241, '50 8th Street Compton, CA 90221', 5000, 10000, 955921406),
(574642706, '21 Edgewood Road Folsom, CA 95630', 5000, 10000, 441371669),
(590688172, '26 Green Street La Puente, CA 91744', 5000, 10000, 975964072),
(623393128, '25 Summer Street San Diego, CA 92105', 5000, 10000, 662709395),
(658312317, '85 Oxford Road Watsonville, CA 95076', 5000, 10000, 750586315),
(658503272, '15 Bridge Street Vista, CA 92083', 5000, 10000, 654749912),
(665312458, '16 Walnut Street San Jose, CA 95111', 5000, 10000, 851075932),
(670717971, '94 Old York Road Santa Ana, CA 92701', 5000, 10000, 447335521),
(681651425, '67 Buttonwood Drive Los Angeles, CA 90022', 5000, 10000, 407711931),
(687179920, '78 Pheasant Run Salinas, CA 93906', 5000, 10000, 334615916),
(698839616, '85 Mechanic Street Montebello, CA 90640', 5000, 10000, 599713999),
(704574499, '30 Hillside Drive North Hollywood, CA 91605', 5000, 10000, 771155816),
(730816273, '86 Schoolhouse Lane Huntington Beach, CA 92646', 5000, 10000, 495885336),
(741466362, '72 Canal Street Oakland, CA 94601', 5000, 10000, 518159482),
(760731674, '74 Center Street San Bernardino, CA 92404', 5000, 10000, 118440214),
(770139830, '44 College Street Van Nuys, CA 91405', 5000, 10000, 361473636),
(779630597, '6 Washington Street Carson, CA 90745', 5000, 10000, 489914294),
(817085901, '10 1st Street Huntington Park, CA 90255', 5000, 10000, 177465746),
(820545819, '17 Hartford Road Pomona, CA 91766', 5000, 10000, 610232502),
(832694289, '26 Atlantic Avenue San Diego, CA 92117', 5000, 10000, 965252936),
(842691955, '75 Cedar Lane Porterville, CA 93257', 5000, 10000, 120522693),
(861056583, '90 2nd Street East National City, CA 91950', 5000, 10000, 544237638),
(881258841, '35 Elizabeth Street Carmichael, CA 95608', 5000, 10000, 690360377),
(907530726, '17 John Street Simi Valley, CA 93065', 5000, 10000, 596304265),
(939559663, '86 Route 7 Los Angeles, CA 90006', 5000, 10000, 408987001),
(943916790, '65 Washington Street Ontario, CA 91762', 5000, 10000, 744483868),
(961407405, '76 4th Street North Salinas, CA 93906', 5000, 10000, 590365811),
(966741396, '51 7th Street El Cajon, CA 92021', 5000, 10000, 280898683),
(975415121, '92 Lincoln Avenue Vacaville, CA 95687', 5000, 10000, 565388368);

INSERT INTO `Users` (`user_id`, `first_name`, `last_name`, `address`, `phone_num`) VALUES
(101331995, 'Jessie', 'Mendoza', ' 316 Walnut Street San Jose, CA 95111', '3988964'),
(105688391, 'Brendan', 'Zellers', ' 476 4th Street North Salinas, CA 93906', '2986936'),
(127432318, 'Kathleen', 'Holt', ' 260 Grant Avenue Tulare, CA 93274', '4882033'),
(136044569, 'Greta', 'Raschke', ' 272 Canal Street Oakland, CA 94601', '1877549'),
(149043920, 'Tess', 'Riddles', ' 685 Oxford Road Watsonville, CA 95076', '9213193'),
(151012500, 'Cliff', 'Antonucci', ' 426 Atlantic Avenue San Diego, CA 92117', '5400546'),
(155046583, 'Ian', 'Mack', ' 165 Washington Street Ontario, CA 91762', '3914588'),
(156917953, 'Lisette', 'Cortez', ' 735 Elizabeth Street Carmichael, CA 95608', '4205528'),
(191873690, 'Kristal', 'Tincher', ' 986 Schoolhouse Lane Huntington Beach, CA 92646', '6485151'),
(231646902, 'Jean', 'Peters', ' 592 Lincoln Avenue Vacaville, CA 95687', '1510713'),
(260545616, 'Jenny', 'Arnold', ' 531 Schoolhouse Lane Canyon Country, CA 91351', '9851464'),
(261526274, 'Joe', 'Torres', ' 394 Cherry Street La Puente, CA 91744', '8189949'),
(266949409, 'Alfred', 'Myers', ' 36 Washington Street Carson, CA 90745', '8202369'),
(272201236, 'Emely', 'Templin', ' 710 Locust Lane Anaheim, CA 92805', '3713121'),
(281265203, 'Molly', 'Taylor', ' 883 Broadway Westminster, CA 92683', '2281009'),
(307958594, 'Emma', 'Rogers', ' 915 Bridge Street Vista, CA 92083', '1206735'),
(325913915, 'Sherry', 'Reynolds', ' 964 Lafayette Street San Diego, CA 92115', '6560070'),
(335430472, 'Elane', 'Tremble', ' 543 Devonshire Drive San Diego, CA 92117', '4749865'),
(338875710, 'Bryon', 'Rager', ' 678 Pheasant Run Salinas, CA 93906', '7458893'),
(364806130, 'Lorene', 'Maxwell', ' 579 Chestnut Street Los Angeles, CA 90003', '4807777'),
(428234817, 'Madie', 'Ruybal', ' 810 Franklin Street Salinas, CA 93906', '1209583'),
(473787210, 'Melida', 'Barcus', ' 124 Monroe Street Santa Ana, CA 92707', '2950168'),
(481901357, 'Marvin', 'Binns', ' 838 Aspen Drive Chula Vista, CA 91911', '3304418'),
(499569175, 'Eloise', 'Kim', ' 750 8th Street Compton, CA 90221', '8545674'),
(510608747, 'Ralph', 'Klein', ' 143 Magnolia Avenue Oakland, CA 94601', '9651978'),
(548284015, 'Danielle', 'Arline', ' 644 College Street Van Nuys, CA 91405', '4494229'),
(550771984, 'Carri', 'Hippe', ' 717 John Street Simi Valley, CA 93065', '1321616'),
(552085676, 'Inez', 'Richards', ' 767 Buttonwood Drive Los Angeles, CA 90022', '2268272'),
(567940148, 'Joya', 'Brumbaugh', ' 351 7th Street El Cajon, CA 92021', '2192972'),
(569452678, 'Clint', 'Barton', ' 451 Magnolia Avenue Laguna Niguel, CA 92677', '1309907'),
(584829885, 'Ora', 'Jimenez', ' 720 Park Street San Diego, CA 92117', '5935950'),
(616754635, 'Rosalee', 'Trivette', ' 574 Center Street San Bernardino, CA 92404', '2037896'),
(631659054, 'Shelley', 'Collard', ' 386 Route 7 Los Angeles, CA 90006', '1729720'),
(641267911, 'Pamela', 'Porter', ' 617 Hartford Road Pomona, CA 91766', '2438607'),
(651419172, 'Eloy', 'Forte', ' 785 Mechanic Street Montebello, CA 90640', '2350595'),
(671130404, 'Gregg', 'Fitzgerald', ' 868 Oak Lane Rancho Cucamonga, CA 91730', '4015198'),
(672062904, 'Catherin', 'Owusu', ' 560 Roberts Road San Jose, CA 95123', '6254911'),
(689682810, 'Karen', 'Ochs', ' 694 Old York Road Santa Ana, CA 92701', '1553120'),
(697616763, 'Drew', 'Bragdon', ' 230 Hillside Drive North Hollywood, CA 91605', '2023972'),
(700845677, 'Joane', 'Haugh', ' 921 Edgewood Road Folsom, CA 95630', '6135534'),
(703912469, 'Soon', 'Portis', ' 33 Race Street Sunnyvale, CA 94086', '4308757'),
(726015610, 'Cathleen', 'Goguen', ' 549 Bridle Lane Modesto, CA 95350', '6879474'),
(742042850, 'Errol', 'Brantner', ' 230 Magnolia Avenue Baldwin Park, CA 91706', '5954830'),
(786091466, 'Chauncey', 'Mayorga', ' 528 Bank Street San Diego, CA 92154', '6558287'),
(896966100, 'Tiffany', 'Sparks', ' 726 Green Street La Puente, CA 91744', '3037153'),
(937989285, 'Jose', 'Tate', ' 290 2nd Street East National City, CA 91950', '2172890'),
(964719963, 'Deloras', 'Stogner', ' 634 Franklin Street Merced, CA 95340', '8345168'),
(965053100, 'Muriel', 'Manns', ' 625 Summer Street San Diego, CA 92105', '8961974'),
(972531115, 'Starla', 'Gilligan', ' 310 1st Street Huntington Park, CA 90255', '9108611'),
(995868025, 'Daphne', 'Lafreniere', ' 375 Cedar Lane Porterville, CA 93257', '9963696');

INSERT INTO `Cards` (`card_id`, `card_num`, `pin`, `user_id`, `bank_id`) VALUES
(106109748, '7936076350039620', '4353', 937989285, 544237638),
(109127045, '4112844938664340', '6301', 473787210, 839127589),
(129391399, '6983412532898040', '5856', 151012500, 965252936),
(155464422, '1028765010069440', '6203', 972531115, 177465746),
(208921269, '8593374104865480', '1483', 995868025, 120522693),
(290221785, '3111811876741060', '0091', 548284015, 361473636),
(306798665, '1200640838250280', '9920', 136044569, 518159482),
(309416263, '5227347016369420', '7175', 266949409, 489914294),
(320635584, '5360489168499460', '5345', 964719963, 435910983),
(329729975, '6645287970471440', '5186', 231646902, 565388368),
(360802947, '5979625754181270', '3888', 896966100, 975964072),
(401446718, '9459766113788680', '4644', 550771984, 596304265),
(402193719, '9697464673983030', '8676', 307958594, 654749912),
(417844360, '1216011593502420', '3004', 742042850, 307945084),
(425248521, '2393144633260010', '9856', 428234817, 765971349),
(436039010, '4649243447558200', '1393', 552085676, 407711931),
(437653668, '8753738532923990', '1986', 155046583, 744483868),
(448094577, '3159847528348310', '1513', 697616763, 771155816),
(454690556, '3640147984349460', '1200', 700845677, 441371669),
(521173853, '5053204554797180', '6841', 156917953, 690360377),
(527640142, '2378971424541900', '5628', 616754635, 118440214),
(527845137, '2204519822800840', '5683', 272201236, 223868302),
(537373141, '2450563549027140', '9187', 338875710, 334615916),
(549759070, '7075561582023900', '5553', 726015610, 608251032),
(551041553, '1933788796870520', '3000', 261526274, 649522178),
(551739681, '6186292285865560', '1253', 631659054, 408987001),
(560629278, '1487779062321050', '1276', 364806130, 846252945),
(564749774, '2477938614279600', '2670', 325913915, 732340847),
(604723197, '8089142225657510', '2872', 127432318, 679235252),
(634999531, '5038395532054010', '2539', 149043920, 750586315),
(647379913, '2400249874857050', '1673', 191873690, 495885336),
(666334198, '1813535456466250', '0824', 651419172, 599713999),
(701038496, '8852229864927180', '7933', 671130404, 782676056),
(703975227, '3970508119951590', '3388', 567940148, 280898683),
(730106009, '6240017680091590', '0832', 481901357, 113163645),
(743560289, '7271882024670140', '3814', 101331995, 851075932),
(753626569, '5417550249344240', '9689', 965053100, 662709395),
(769841735, '6527544689167120', '7060', 510608747, 548289339),
(813700625, '9892457615584870', '8082', 786091466, 799349005),
(821275433, '3232467998313530', '1618', 335430472, 264576485),
(855311972, '1883469623391970', '2128', 260545616, 756654669),
(868567738, '6513539168164550', '3081', 499569175, 955921406),
(869995960, '7374168774334390', '4933', 703912469, 613360824),
(906470744, '9755783357320070', '6450', 105688391, 590365811),
(916135840, '2364272812259550', '8194', 641267911, 610232502),
(938915918, '6257297408992580', '6747', 281265203, 916432685),
(946607183, '4101870838553080', '5551', 584829885, 437185713),
(947544693, '7006241458431350', '2183', 672062904, 155179725),
(975910902, '5265987480631140', '0071', 689682810, 447335521),
(998567650, '7703518824066050', '9728', 569452678, 947198440);

INSERT INTO `Accounts` (`account_num`, `balance`, `bank_id`, `user_id`, `card_id`) VALUES
(101568273, 6817.00, 654749912, 307958594,  402193719),
(114830997, 56377.00, 113163645, 481901357, 730106009),
(116011072, 76254.00, 799349005, 786091466, 813700625),
(131074551, 3328.00, 846252945, 364806130,  560629278),
(142600342, 7727.00, 544237638, 937989285,  106109748),
(170001393, 82857.00, 839127589, 473787210, 109127045),
(187374532, 77218.00, 765971349, 428234817, 425248521),
(192459144, 5579.00, 437185713, 584829885,  946607183),
(214491505, 3806.00, 975964072, 896966100,  360802947),
(215363179, 17961.00, 596304265, 550771984, 401446718),
(227058299, 4853.00, 947198440, 569452678,  998567650),
(268264295, 31483.00, 599713999, 651419172, 666334198),
(282958006, 4966.00, 756654669, 260545616,  855311972),
(304590855, 9774.00, 916432685, 281265203,  938915918),
(327104039, 6630.00, 679235252, 127432318,  604723197),
(336041020, 1157.00, 447335521, 689682810,  975910902),
(341574705, 36284.00, 965252936, 151012500, 129391399),
(407752913, 97956.00, 280898683, 567940148, 703975227),
(432495827, 49085.00, 408987001, 631659054, 551739681),
(436869433, 82311.00, 441371669, 700845677, 454690556),
(452290824, 3954.00, 407711931, 552085676,  436039010),
(476987939, 79740.00, 120522693, 995868025, 208921269),
(510014859, 21548.00, 608251032, 726015610, 549759070),
(511204574, 2724.00, 744483868, 155046583,  437653668),
(526771753, 82722.00, 590365811, 105688391, 906470744),
(535790385, 33168.00, 771155816, 697616763, 448094577),
(548322512, 28039.00, 750586315, 149043920, 634999531),
(548873825, 1023.00, 565388368, 231646902,  329729975),
(553357761, 3584.00, 782676056, 671130404,  701038496),
(556506782, 1267.00, 955921406, 499569175,  868567738),
(569885189, 438.00, 489914294, 266949409,   309416263),
(579414817, 26384.00, 177465746, 972531115, 155464422),
(581804075, 93846.00, 690360377, 156917953, 521173853),
(599822009, 27866.00, 334615916, 338875710, 537373141),
(615124236, 89702.00, 662709395, 965053100, 753626569),
(620948770, 99219.00, 495885336, 191873690, 647379913),
(649811996, 83251.00, 613360824, 703912469, 869995960),
(677255219, 5817.00, 610232502, 641267911,  916135840),
(753040214, 46167.00, 307945084, 742042850, 417844360),
(768704709, 8438.00, 649522178, 261526274,  551041553),
(783728426, 27091.00, 361473636, 548284015, 290221785),
(807524158, 8533.00, 851075932, 101331995,  743560289),
(812717794, 56706.00, 518159482, 136044569, 306798665),
(850447282, 13546.00, 223868302, 272201236, 527845137),
(884288401, 3777.00, 548289339, 510608747,  769841735),
(915037662, 99932.00, 435910983, 964719963, 320635584),
(916860826, 3290.00, 732340847, 325913915,  564749774),
(947157830, 92416.00, 264576485, 335430472, 821275433),
(971857280, 9748.00, 155179725, 672062904,  947544693),
(971931496, 22996.00, 118440214, 616754635, 527640142);

INSERT INTO `Deposit` (`trans_amount`, `account_num`) VALUES
(719.00, 535790385),
(7272.00, 783728426),
(7985.00, 452290824),
(1710.00, 327104039),
(8214.00, 526771753),
(4407.00, 620948770),
(2821.00, 327104039),
(2814.00, 753040214),
(3425.00, 268264295),
(2167.00, 526771753),
(9181.00, 114830997),
(1976.00, 677255219),
(4194.00, 581804075),
(9912.00, 947157830),
(5492.00, 620948770),
(8722.00, 553357761),
(1208.00, 812717794),
(3433.00, 432495827),
(3778.00, 304590855),
(6017.00, 677255219),
(4477.00, 768704709),
(9702.00, 407752913),
(8847.00, 215363179),
(6573.00, 192459144),
(6715.00, 327104039),
(829.00, 579414817),
(7153.00, 407752913),
(3882.00, 432495827),
(2777.00, 511204574),
(4277.00, 768704709),
(1794.00, 336041020),
(3497.00, 510014859),
(2316.00, 884288401),
(8439.00, 807524158),
(1460.00, 915037662),
(440.00, 553357761),
(4787.00, 511204574),
(1871.00, 131074551),
(6644.00, 971931496),
(5438.00, 569885189),
(8489.00, 615124236),
(4832.00, 187374532),
(4309.00, 116011072),
(3960.00, 227058299),
(6307.00, 768704709),
(5223.00, 526771753),
(634.00, 116011072),
(2792.00, 548322512),
(2158.00, 282958006),
(2964.00, 807524158),
(9744.00, 116011072),
(5208.00, 850447282),
(9047.00, 535790385),
(8187.00, 304590855),
(6528.00, 556506782),
(5791.00, 336041020),
(2827.00, 556506782),
(2538.00, 916860826),
(8305.00, 971857280),
(2711.00, 336041020),
(3907.00, 569885189),
(1527.00, 215363179),
(1974.00, 677255219),
(4811.00, 768704709),
(722.00, 535790385),
(7382.00, 187374532),
(9562.00, 548322512),
(4729.00, 947157830),
(6500.00, 452290824),
(9093.00, 336041020),
(2498.00, 556506782),
(8504.00, 649811996),
(5643.00, 282958006),
(3714.00, 341574705),
(6506.00, 114830997),
(5079.00, 187374532),
(2955.00, 753040214),
(8136.00, 620948770),
(3954.00, 510014859),
(4724.00, 553357761),
(4864.00, 476987939),
(6975.00, 407752913),
(790.00, 215363179),
(3929.00, 649811996),
(1431.00, 227058299),
(3113.00, 553357761),
(7439.00, 214491505),
(6861.00, 116011072),
(8852.00, 812717794),
(4344.00, 971931496),
(9531.00, 214491505),
(4334.00, 615124236),
(6343.00, 116011072),
(3276.00, 915037662),
(2942.00, 282958006),
(3556.00, 436869433),
(9947.00, 131074551),
(8056.00, 131074551),
(2594.00, 649811996),
(387.00, 192459144),
(2141.00, 548873825),
(7634.00, 599822009),
(8249.00, 915037662),
(3615.00, 268264295),
(675.00, 131074551),
(5131.00, 615124236),
(8755.00, 436869433),
(7544.00, 282958006),
(5047.00, 812717794),
(1455.00, 850447282),
(6007.00, 649811996),
(6328.00, 114830997),
(8215.00, 142600342),
(6392.00, 304590855),
(4754.00, 227058299),
(1137.00, 114830997),
(6837.00, 327104039),
(9521.00, 783728426),
(5805.00, 432495827),
(6948.00, 783728426),
(8942.00, 556506782),
(3552.00, 187374532),
(1833.00, 599822009),
(1260.00, 768704709),
(1025.00, 214491505),
(8726.00, 807524158),
(5665.00, 101568273),
(6543.00, 526771753),
(4149.00, 341574705),
(1373.00, 807524158),
(4910.00, 971857280),
(2823.00, 341574705),
(603.00, 511204574),
(7737.00, 971857280),
(3268.00, 915037662),
(6688.00, 214491505),
(1138.00, 142600342),
(8945.00, 101568273),
(5892.00, 142600342),
(8489.00, 783728426),
(5198.00, 753040214),
(9510.00, 569885189),
(6279.00, 579414817),
(4209.00, 548322512),
(4336.00, 579414817),
(4953.00, 649811996),
(9974.00, 101568273),
(4572.00, 282958006),
(5264.00, 553357761),
(5155.00, 599822009),
(6143.00, 341574705),
(2946.00, 526771753),
(1221.00, 341574705),
(4081.00, 304590855),
(4547.00, 227058299),
(3311.00, 436869433),
(9840.00, 916860826),
(4620.00, 304590855),
(3443.00, 971857280),
(7429.00, 170001393),
(777.00, 327104039),
(3131.00, 569885189),
(7977.00, 336041020),
(560.00, 131074551),
(4426.00, 581804075),
(9280.00, 971931496),
(6638.00, 432495827),
(6229.00, 548873825),
(3200.00, 971857280),
(302.00, 268264295),
(4345.00, 214491505),
(9015.00, 915037662),
(2927.00, 807524158),
(6717.00, 170001393),
(1294.00, 884288401),
(5919.00, 407752913),
(1248.00, 581804075),
(7640.00, 192459144),
(9770.00, 476987939),
(8103.00, 535790385),
(8147.00, 753040214),
(1377.00, 753040214),
(9379.00, 783728426),
(3940.00, 677255219),
(4007.00, 620948770),
(6524.00, 548322512),
(9895.00, 581804075),
(3758.00, 187374532),
(7437.00, 535790385),
(3368.00, 192459144),
(5167.00, 884288401),
(7462.00, 581804075),
(5996.00, 548873825),
(7082.00, 579414817),
(4507.00, 569885189),
(276.00, 511204574),
(1432.00, 677255219),
(583.00, 407752913),
(7407.00, 548322512),
(3474.00, 142600342),
(2848.00, 971931496),
(7107.00, 101568273),
(8972.00, 227058299),
(9532.00, 916860826),
(8778.00, 884288401),
(3703.00, 436869433),
(1089.00, 850447282),
(5568.00, 215363179),
(8827.00, 476987939),
(3262.00, 579414817),
(4716.00, 599822009),
(272.00, 452290824),
(9773.00, 215363179),
(4049.00, 511204574),
(6672.00, 812717794),
(4870.00, 548873825),
(5680.00, 114830997),
(2369.00, 452290824),
(9213.00, 101568273),
(1394.00, 556506782),
(6500.00, 615124236),
(6910.00, 268264295),
(3184.00, 476987939),
(1249.00, 850447282),
(4934.00, 192459144),
(7812.00, 947157830),
(4394.00, 884288401),
(1398.00, 510014859),
(2192.00, 947157830),
(6594.00, 615124236),
(4640.00, 142600342),
(6744.00, 432495827),
(2721.00, 452290824),
(9608.00, 916860826),
(1637.00, 599822009),
(4851.00, 268264295),
(6246.00, 436869433),
(2091.00, 850447282),
(9950.00, 947157830),
(4797.00, 170001393),
(4645.00, 971931496),
(4640.00, 510014859),
(430.00, 916860826),
(5656.00, 812717794),
(8915.00, 476987939),
(1286.00, 510014859),
(6445.00, 620948770),
(9249.00, 170001393),
(5597.00, 548873825),
(6898.00, 170001393);

INSERT INTO `Withdraw` (`trans_amount`, `account_num`) VALUES
(163.00, 579414817),
(79.00, 116011072),
(103.00, 526771753),
(325.00, 436869433),
(266.00, 615124236),
(385.00, 170001393),
(496.00, 971857280),
(22.00, 753040214),
(194.00, 620948770),
(107.00, 915037662),
(25.00, 753040214),
(389.00, 615124236),
(208.00, 170001393),
(428.00, 187374532),
(326.00, 753040214),
(464.00, 615124236),
(87.00, 971857280),
(70.00, 850447282),
(62.00, 915037662),
(143.00, 268264295),
(325.00, 336041020),
(417.00, 114830997),
(293.00, 407752913),
(172.00, 753040214),
(359.00, 526771753),
(245.00, 620948770),
(46.00, 341574705),
(321.00, 170001393),
(57.00, 915037662),
(266.00, 581804075),
(25.00, 599822009),
(11.00, 114830997),
(451.00, 581804075),
(227.00, 850447282),
(375.00, 268264295),
(439.00, 581804075),
(499.00, 268264295),
(328.00, 579414817),
(41.00, 526771753),
(173.00, 341574705),
(133.00, 812717794),
(405.00, 812717794),
(12.00, 432495827),
(66.00, 615124236),
(404.00, 850447282),
(376.00, 170001393),
(248.00, 526771753),
(132.00, 579414817),
(311.00, 915037662),
(135.00, 432495827),
(477.00, 535790385),
(476.00, 268264295),
(323.00, 215363179),
(6.00, 579414817),
(86.00, 971857280),
(320.00, 341574705),
(78.00, 581804075),
(120.00, 526771753),
(226.00, 114830997),
(470.00, 850447282),
(44.00, 599822009),
(283.00, 432495827),
(109.00, 971857280),
(219.00, 187374532),
(474.00, 599822009),
(62.00, 170001393),
(254.00, 535790385),
(446.00, 116011072),
(44.00, 116011072),
(327.00, 971857280),
(19.00, 336041020),
(96.00, 476987939),
(427.00, 215363179),
(50.00, 581804075),
(328.00, 615124236),
(458.00, 436869433),
(420.00, 341574705),
(438.00, 116011072),
(183.00, 599822009),
(494.00, 170001393),
(37.00, 526771753),
(108.00, 947157830),
(87.00, 615124236),
(122.00, 114830997),
(321.00, 215363179),
(131.00, 615124236),
(466.00, 947157830),
(288.00, 336041020),
(38.00, 436869433),
(429.00, 336041020),
(357.00, 187374532),
(203.00, 341574705),
(9.00, 812717794),
(389.00, 407752913),
(435.00, 432495827),
(458.00, 812717794),
(106.00, 215363179),
(70.00, 170001393),
(384.00, 436869433),
(379.00, 971857280),
(302.00, 850447282),
(6.00, 615124236),
(296.00, 436869433),
(470.00, 407752913),
(404.00, 215363179),
(280.00, 812717794),
(213.00, 535790385),
(308.00, 436869433),
(64.00, 850447282),
(279.00, 432495827),
(259.00, 476987939),
(316.00, 476987939),
(336.00, 535790385),
(152.00, 947157830),
(472.00, 812717794),
(478.00, 187374532),
(408.00, 432495827),
(461.00, 336041020),
(425.00, 579414817),
(236.00, 407752913),
(202.00, 116011072),
(279.00, 581804075),
(222.00, 407752913),
(213.00, 476987939),
(128.00, 620948770),
(332.00, 407752913),
(330.00, 812717794),
(169.00, 476987939),
(117.00, 535790385),
(387.00, 187374532),
(80.00, 336041020),
(421.00, 476987939),
(47.00, 215363179),
(269.00, 753040214),
(440.00, 535790385),
(375.00, 812717794),
(383.00, 170001393),
(34.00, 947157830),
(143.00, 341574705),
(357.00, 187374532),
(458.00, 850447282),
(171.00, 947157830),
(281.00, 620948770),
(54.00, 915037662),
(404.00, 915037662),
(306.00, 947157830),
(74.00, 620948770),
(269.00, 114830997),
(165.00, 336041020),
(206.00, 341574705),
(486.00, 341574705),
(268.00, 579414817),
(9.00, 971857280),
(306.00, 432495827),
(215.00, 407752913),
(461.00, 915037662),
(236.00, 436869433),
(90.00, 187374532),
(390.00, 114830997),
(481.00, 114830997),
(494.00, 535790385),
(239.00, 114830997),
(166.00, 432495827),
(377.00, 436869433),
(39.00, 535790385),
(247.00, 620948770),
(465.00, 753040214),
(197.00, 850447282),
(415.00, 407752913),
(343.00, 268264295),
(446.00, 268264295),
(423.00, 526771753),
(191.00, 436869433),
(106.00, 581804075),
(416.00, 116011072),
(450.00, 915037662),
(342.00, 753040214),
(475.00, 170001393),
(162.00, 620948770),
(183.00, 170001393),
(156.00, 116011072),
(350.00, 915037662),
(310.00, 215363179),
(364.00, 114830997),
(438.00, 407752913),
(151.00, 599822009),
(162.00, 971857280),
(28.00, 915037662),
(70.00, 116011072),
(234.00, 215363179),
(398.00, 599822009),
(242.00, 579414817),
(420.00, 579414817),
(420.00, 268264295),
(406.00, 620948770),
(123.00, 581804075),
(372.00, 432495827),
(201.00, 947157830),
(68.00, 436869433),
(373.00, 476987939),
(187.00, 971857280),
(316.00, 341574705),
(460.00, 116011072),
(488.00, 753040214),
(144.00, 599822009),
(470.00, 535790385),
(152.00, 947157830),
(374.00, 268264295),
(178.00, 579414817),
(421.00, 947157830),
(455.00, 971857280),
(217.00, 620948770),
(79.00, 850447282),
(9.00, 114830997),
(339.00, 526771753),
(370.00, 599822009),
(254.00, 187374532),
(223.00, 615124236),
(133.00, 215363179),
(300.00, 812717794),
(34.00, 812717794),
(496.00, 535790385),
(352.00, 850447282),
(4.00, 476987939),
(382.00, 187374532),
(396.00, 432495827),
(278.00, 947157830),
(311.00, 476987939),
(193.00, 581804075),
(31.00, 620948770),
(331.00, 187374532),
(430.00, 268264295),
(97.00, 599822009),
(349.00, 407752913),
(27.00, 599822009),
(358.00, 579414817),
(90.00, 341574705),
(208.00, 526771753),
(481.00, 581804075),
(471.00, 615124236),
(24.00, 753040214),
(94.00, 753040214),
(238.00, 336041020),
(44.00, 336041020),
(371.00, 336041020),
(426.00, 215363179),
(297.00, 476987939),
(157.00, 116011072),
(258.00, 526771753),
(232.00, 268264295);
